{"playerPosition":{"x":6.482177734375,"y":0.05775351822376251,"z":-1.2363395690917969},"health":100.0,"ammo":21,"currentGun":{"instanceID":25354},"view":{"x":0.0,"y":-0.02447706088423729,"z":0.0,"w":-0.9997004270553589}}