{"playerPosition":{"x":4.680962562561035,"y":4.611114501953125,"z":8.658466339111329},"health":100.0,"ammo":2,"currentGun":{"instanceID":58844},"view":{"x":0.0,"y":-0.9997071027755737,"z":0.0,"w":0.02420472726225853}}